{
  "project_info": {
    "project_number": "416218331783",
    "project_id": "quiz-app-50da5",
    "storage_bucket": "quiz-app-50da5.appspot.com"
  },
  "client": [
    {
      "client_info": {
        "mobilesdk_app_id": "1:416218331783:android:009e054aa09e48af121622",
        "android_client_info": {
          "package_name": "com.eb.quizAppSpainsh"
        }
      },
      "oauth_client": [
        {
          "client_id": "416218331783-0jg8p0p03ns32mm850gskuthl2jhi3iv.apps.googleusercontent.com",
          "client_type": 3
        }
      ],
      "api_key": [
        {
          "current_key": "AIzaSyC0TRKlpwB1pEmQF4fWipHeLfFO3T7smA0"
        }
      ],
      "services": {
        "appinvite_service": {
          "other_platform_oauth_client": [
            {
              "client_id": "416218331783-0jg8p0p03ns32mm850gskuthl2jhi3iv.apps.googleusercontent.com",
              "client_type": 3
            }
          ]
        }
      }
    }
  ],
  "configuration_version": "1"
}